{"stat.chestOpened":2,"stat.pickup.minecraft.rotten_flesh":3,"stat.flyOneCm":425149,"stat.pickup.dynamictrees.darkoakseed":1,"stat.walkOneCm":30524,"stat.drop":2,"stat.jump":41,"stat.swimOneCm":340,"stat.playOneMinute":21178,"stat.climbOneCm":16,"stat.drop.dynamictrees.darkoakseed":1,"stat.useItem.notenoughwands.displacement_wand":84,"stat.useItem.minecraft.flint_and_steel":7,"stat.sneakTime":1257,"stat.useItem.notenoughwands.acceleration_wand":11,"stat.damageDealt":18,"stat.crouchOneCm":1833,"stat.timeSinceDeath":21178,"stat.sprintOneCm":3306,"stat.useItem.notenoughwands.illumination_wand":30,"stat.useItem.minecraft.stone_slab2":3,"stat.drop.tconstruct.book":1,"stat.diveOneCm":993}