{"stat.chestOpened":8,"stat.pickup.dynamictrees.darkoakseed":1,"stat.walkOneCm":41254,"stat.useItem.notenoughwands.displacement_wand":84,"stat.leaveGame":1,"stat.pickup.iceandfire.dragonegg_green":1,"stat.useItem.iceandfire.dragonegg_sapphire":3,"stat.jump":53,"stat.swimOneCm":598,"stat.climbOneCm":16,"stat.crouchOneCm":2204,"stat.sprintOneCm":3306,"stat.useItem.minecraft.stone_slab2":23,"stat.useItem.minecraft.netherrack":2,"stat.pickup.minecraft.rotten_flesh":3,"stat.drop.dynamictrees.darkoakseed":1,"stat.pickup.iceandfire.dragonegg_red":1,"stat.useItem.iceandfire.dragonegg_red":2,"stat.useItem.minecraft.flint_and_steel":13,"stat.useItem.notenoughwands.acceleration_wand":11,"stat.useItem.notenoughwands.illumination_wand":30,"stat.drop.props.props":1,"stat.flyOneCm":688501,"stat.drop":3,"stat.useItem.iceandfire.dragonegg_green":2,"stat.playOneMinute":52423,"stat.pickup.minecraft.torch":1,"stat.sneakTime":1984,"stat.pickup.iceandfire.dragonegg_sapphire":1,"stat.damageDealt":58,"stat.pickup.natura.overworld_seeds":1,"stat.timeSinceDeath":52423,"stat.useItem.minecraft.spawn_egg":1,"stat.drop.tconstruct.book":1,"stat.diveOneCm":3667}